,subj_idx,source,target,variable,value
0,1,No_Ref,Self_Ref,ACC,-0.004788436692506448
1,2,No_Ref,Self_Ref,ACC,0.011619412865817422
2,3,No_Ref,Self_Ref,ACC,0.009376217207011216
3,4,No_Ref,Self_Ref,ACC,-0.014533506067853658
4,5,No_Ref,Self_Ref,ACC,0.05170173961840626
5,6,No_Ref,Self_Ref,ACC,0.018116580513784487
6,7,No_Ref,Self_Ref,ACC,0.020627919586252864
7,8,No_Ref,Self_Ref,ACC,-0.00017580630382996732
8,9,No_Ref,Self_Ref,ACC,-0.03376652460707399
9,10,No_Ref,Self_Ref,ACC,0.01230934343434345
10,11,No_Ref,Self_Ref,ACC,0.056438789868667905
11,12,No_Ref,Self_Ref,ACC,0.05410531652265911
12,13,No_Ref,Self_Ref,ACC,-0.0006544441865862172
13,14,No_Ref,Self_Ref,ACC,-0.03870371752762023
14,15,No_Ref,Self_Ref,ACC,0.0626923889071371
15,16,No_Ref,Self_Ref,ACC,-0.022659334461364943
16,17,No_Ref,Self_Ref,ACC,0.01817890629549817
17,18,No_Ref,Self_Ref,ACC,0.009878451447059195
18,19,No_Ref,Self_Ref,ACC,0.03872301654051021
19,20,No_Ref,Self_Ref,ACC,0.02806917596521557
20,21,No_Ref,Self_Ref,ACC,0.05866873866873864
21,22,No_Ref,Self_Ref,ACC,-0.016165508434307384
22,23,No_Ref,Self_Ref,ACC,0.0008364898989898922
23,24,No_Ref,Self_Ref,ACC,0.00020703933747404646
24,25,No_Ref,Self_Ref,ACC,-0.007771331883006954
25,26,No_Ref,Self_Ref,ACC,0.04422988254707817
26,27,No_Ref,Self_Ref,ACC,0.02556655723816579
27,28,No_Ref,Self_Ref,ACC,0.03490283047892516
28,29,No_Ref,Self_Ref,ACC,0.017768494897959213
29,30,No_Ref,Self_Ref,ACC,0.006701478578426972
30,31,No_Ref,Self_Ref,ACC,-0.010314485614335848
31,32,No_Ref,Self_Ref,ACC,0.0066923140223831504
32,33,No_Ref,Self_Ref,ACC,0.007123676656687061
33,34,No_Ref,Self_Ref,ACC,0.03248774204271579
34,35,No_Ref,Self_Ref,ACC,0.0038116714351234537
35,36,No_Ref,Self_Ref,ACC,-0.02093352192362101
36,37,No_Ref,Self_Ref,ACC,-0.014604097452934612
37,38,No_Ref,Self_Ref,ACC,0.0006246036778693842
38,39,No_Ref,Self_Ref,ACC,-0.01209608323133412
39,40,No_Ref,Self_Ref,ACC,-0.025617057673509303
40,41,No_Ref,Self_Ref,ACC,0.0074253034547152345
41,42,No_Ref,Self_Ref,ACC,0.003323529411764792
42,43,No_Ref,Self_Ref,ACC,0.0037423221715870065
43,44,No_Ref,Self_Ref,ACC,0.019172876304023784
44,45,No_Ref,Self_Ref,ACC,-0.013147619047619057
45,46,No_Ref,Self_Ref,ACC,-0.006582533475530267
46,47,No_Ref,Self_Ref,ACC,0.003402032749858819
47,48,No_Ref,Self_Ref,ACC,-0.017940251572327044
48,49,No_Ref,Self_Ref,ACC,-0.02172802197802192
49,50,No_Ref,Self_Ref,ACC,-0.033676307007786455
50,51,No_Ref,Self_Ref,ACC,-0.014193396226415116
51,52,No_Ref,Self_Ref,ACC,0.021673405211140962
52,53,No_Ref,Self_Ref,ACC,0.014432435491172407
53,54,No_Ref,Self_Ref,ACC,0.024810380725758446
54,55,No_Ref,Self_Ref,ACC,-0.028570156695156772
55,56,No_Ref,Self_Ref,ACC,0.01598837209302322
56,57,No_Ref,Self_Ref,ACC,-0.02111977321048896
57,58,No_Ref,Self_Ref,ACC,-0.038448985383851324
58,59,No_Ref,Self_Ref,ACC,0.029747400909681625
59,60,No_Ref,Self_Ref,ACC,-0.011782661782661866
60,61,No_Ref,Self_Ref,ACC,0.02657236380640634
61,62,No_Ref,Self_Ref,ACC,-0.01981694983818775
62,63,No_Ref,Self_Ref,ACC,-0.004127543035993728
63,64,No_Ref,Self_Ref,ACC,-0.014078518173345766
64,65,No_Ref,Self_Ref,ACC,-0.009761197403687855
65,66,No_Ref,Self_Ref,ACC,0.01648210489014878
66,67,No_Ref,Self_Ref,ACC,0.02608940556088204
67,68,No_Ref,Self_Ref,ACC,-0.052807037203048
68,69,No_Ref,Self_Ref,ACC,-0.025230112998578226
69,70,No_Ref,Self_Ref,ACC,-0.02381707388356323
70,71,No_Ref,Self_Ref,ACC,0.0299039261107151
71,72,No_Ref,Self_Ref,ACC,-0.019331907952742023
72,73,No_Ref,Self_Ref,ACC,-0.014357541899441389
73,74,No_Ref,Self_Ref,ACC,0.023626465661641526
74,75,No_Ref,Self_Ref,ACC,0.006968286099865048
75,76,No_Ref,Self_Ref,ACC,0.0195706122789456
76,77,No_Ref,Self_Ref,ACC,0.002053474238026082
77,78,No_Ref,Self_Ref,ACC,-0.00796798193171241
78,79,No_Ref,Self_Ref,ACC,0.00699237887860652
79,80,No_Ref,Self_Ref,ACC,0.07826862792380038
80,81,No_Ref,Self_Ref,ACC,-0.02785170137125447
81,82,No_Ref,Self_Ref,ACC,-0.03194467658365373
82,83,No_Ref,Self_Ref,ACC,-0.02622534013605442
83,84,No_Ref,Self_Ref,ACC,-0.01686538006156766
84,85,No_Ref,Self_Ref,ACC,-0.012638776971976092
85,86,No_Ref,Self_Ref,ACC,-0.00786150983519407
86,87,No_Ref,Self_Ref,ACC,-0.02545033453422544
87,88,No_Ref,Self_Ref,ACC,0.01705275809716603
88,89,No_Ref,Self_Ref,ACC,0.01341226708074531
89,90,No_Ref,Self_Ref,ACC,-0.0008865647023541367
90,91,No_Ref,Self_Ref,ACC,0.008050799729668854
91,92,No_Ref,Self_Ref,ACC,0.0011776083741039862
92,93,No_Ref,Self_Ref,ACC,-0.001549072817729516
93,94,No_Ref,Self_Ref,ACC,-0.00964861523894689
94,95,No_Ref,Self_Ref,ACC,0.06891665527143447
95,96,No_Ref,Self_Ref,ACC,-0.0012884019775696199
96,97,No_Ref,Self_Ref,ACC,-0.003987689393939417
97,98,No_Ref,Self_Ref,ACC,0.01968516042780738
98,99,No_Ref,Self_Ref,ACC,0.0009068507229112788
99,100,No_Ref,Self_Ref,ACC,0.0453122485921158
100,101,No_Ref,Self_Ref,ACC,0.025504150749338806
101,102,No_Ref,Self_Ref,ACC,0.028458452983271848
102,103,No_Ref,Self_Ref,ACC,0.04355365157078749
103,104,No_Ref,Self_Ref,ACC,-0.0004860979537703924
104,105,No_Ref,Self_Ref,ACC,0.050841075450450454
105,106,No_Ref,Self_Ref,ACC,0.03342675203402372
106,107,No_Ref,Self_Ref,ACC,0.012321406462795514
107,108,No_Ref,Self_Ref,ACC,0.03739405985149627
108,109,No_Ref,Self_Ref,ACC,-0.0009396074865499815
109,110,No_Ref,Self_Ref,ACC,-0.10628851788240046
110,111,No_Ref,Self_Ref,ACC,0.018918563000421468
111,112,No_Ref,Self_Ref,ACC,0.023054383116883105
112,113,No_Ref,Self_Ref,ACC,0.02163355943152461
113,114,No_Ref,Self_Ref,ACC,0.022476517691391106
114,115,No_Ref,Self_Ref,ACC,0.028611938863789287
115,116,No_Ref,Self_Ref,ACC,-0.03525246305418718
116,117,No_Ref,Self_Ref,ACC,0.017102107558139578
117,118,No_Ref,Self_Ref,ACC,-0.011464869069224812
118,119,No_Ref,Self_Ref,ACC,-0.018453252908229172
119,120,No_Ref,Self_Ref,ACC,0.07882380157082254
120,121,No_Ref,Self_Ref,ACC,-0.01579151348717717
121,122,No_Ref,Self_Ref,ACC,-0.0011088154269972227
122,123,No_Ref,Self_Ref,ACC,-0.00871225071225076
123,124,No_Ref,Self_Ref,ACC,-0.050397486956253276
124,125,No_Ref,Self_Ref,ACC,0.0015915777230433082
125,126,No_Ref,Self_Ref,ACC,0.01162736939435971
126,127,No_Ref,Self_Ref,ACC,0.02418981481481485
127,128,No_Ref,Self_Ref,ACC,0.07482282691791153
128,129,No_Ref,Self_Ref,ACC,0.09660017314768063
129,130,No_Ref,Self_Ref,ACC,-0.0014552542210743507
130,131,No_Ref,Self_Ref,ACC,-0.014375800256081997
131,132,No_Ref,Self_Ref,ACC,-0.008285692679975754
132,133,No_Ref,Self_Ref,ACC,0.022273951560297107
133,134,No_Ref,Self_Ref,ACC,0.03895350143833154
134,135,No_Ref,Self_Ref,ACC,0.007243993993994039
135,136,No_Ref,Self_Ref,ACC,0.10948043184885292
136,137,No_Ref,Self_Ref,ACC,-0.04417837411207577
137,138,No_Ref,Self_Ref,ACC,0.007191117491568732
138,139,No_Ref,Self_Ref,ACC,0.03968350754936119
139,140,No_Ref,Self_Ref,ACC,-0.00463565963799209
140,141,No_Ref,Self_Ref,ACC,0.0055657529776472255
141,142,No_Ref,Self_Ref,ACC,0.027870745779891633
142,143,No_Ref,Self_Ref,ACC,-0.0028671826263256483
143,144,No_Ref,Self_Ref,ACC,0.03147931104769659
144,145,No_Ref,Self_Ref,ACC,-0.03022357947250658
145,146,No_Ref,Self_Ref,ACC,-0.0491209613083367
146,147,No_Ref,Self_Ref,ACC,-0.04061333781161372
147,148,No_Ref,Self_Ref,ACC,0.04187629880783105
148,149,No_Ref,Self_Ref,ACC,0.0006994018907968081
149,150,No_Ref,Self_Ref,ACC,0.04570677997076015
150,151,No_Ref,Self_Ref,ACC,-0.02205067058008236
151,152,No_Ref,Self_Ref,ACC,-0.005512038337920272
152,153,No_Ref,Self_Ref,ACC,-0.010835249042145579
153,154,No_Ref,Self_Ref,ACC,-0.0717740245589037
154,155,No_Ref,Self_Ref,ACC,0.008143909856519038
155,156,No_Ref,Self_Ref,ACC,-0.017405884502923973
156,157,No_Ref,Self_Ref,ACC,0.04154384907590043
157,158,No_Ref,Self_Ref,ACC,-0.005131880733944966
158,159,No_Ref,Self_Ref,ACC,-0.02165738288740753
159,160,No_Ref,Self_Ref,ACC,0.00028791368650749326
160,161,No_Ref,Self_Ref,ACC,0.012071185617104
161,162,No_Ref,Self_Ref,ACC,0.07524144158291465
162,163,No_Ref,Self_Ref,ACC,0.0011353369472788754
163,164,No_Ref,Self_Ref,ACC,0.0065592197019746
164,165,No_Ref,Self_Ref,ACC,0.01879931035775188
165,166,No_Ref,Self_Ref,ACC,0.02540707727778003
166,167,No_Ref,Self_Ref,ACC,-0.003419259989772805
167,168,No_Ref,Self_Ref,ACC,0.012608695652174002
168,169,No_Ref,Self_Ref,ACC,0.002643171806167283
169,170,No_Ref,Self_Ref,ACC,0.03715682870370372
170,171,No_Ref,Self_Ref,ACC,0.03295113295113287
171,172,No_Ref,Self_Ref,ACC,-0.04653100229820366
172,173,No_Ref,Self_Ref,ACC,0.04818669527896992
173,174,No_Ref,Self_Ref,ACC,0.00922148086915452
174,175,No_Ref,Self_Ref,ACC,-0.008681681681681758
175,176,No_Ref,Self_Ref,ACC,0.009486891613059805
176,177,No_Ref,Self_Ref,ACC,-0.029962013295346618
177,178,No_Ref,Self_Ref,ACC,-8.784918670440289e-05
178,179,No_Ref,Self_Ref,ACC,0.010236388462194917
179,180,No_Ref,Self_Ref,ACC,-0.005981410439537977
180,181,No_Ref,Self_Ref,ACC,0.021378569066255113
181,182,No_Ref,Self_Ref,ACC,0.04495020102339184
182,183,No_Ref,Self_Ref,ACC,-0.017784479213582154
183,184,No_Ref,Self_Ref,ACC,-0.011607730263157834
184,185,No_Ref,Self_Ref,ACC,0.03967211938585166
185,186,No_Ref,Self_Ref,ACC,-0.00402301545618246
186,187,No_Ref,Self_Ref,ACC,-0.004133658008657998
187,188,No_Ref,Self_Ref,ACC,-0.008273961301934946
188,189,No_Ref,Self_Ref,ACC,-0.009463713369963388
189,190,No_Ref,Self_Ref,ACC,0.0118781980994152
190,191,No_Ref,Self_Ref,ACC,-0.015752899278604734
191,192,No_Ref,Self_Ref,ACC,-0.032543613528782975
192,193,No_Ref,Self_Ref,ACC,0.0013646288209607116
193,194,No_Ref,Self_Ref,ACC,-0.05361750047920259
194,195,No_Ref,Self_Ref,ACC,0.02792107340173644
195,1,No_Ref,Self_Ref,RT,0.07610222868217056
196,2,No_Ref,Self_Ref,RT,0.007978359128886411
197,3,No_Ref,Self_Ref,RT,0.06538606942375999
198,4,No_Ref,Self_Ref,RT,0.001101182567100717
199,5,No_Ref,Self_Ref,RT,0.042849326599326575
200,6,No_Ref,Self_Ref,RT,0.09463796209273181
201,7,No_Ref,Self_Ref,RT,0.08143925175175172
202,8,No_Ref,Self_Ref,RT,0.044166895730254715
203,9,No_Ref,Self_Ref,RT,-0.014716740410977461
204,10,No_Ref,Self_Ref,RT,0.013364267676767677
205,11,No_Ref,Self_Ref,RT,-0.0059421904315197175
206,12,No_Ref,Self_Ref,RT,0.06452620789984129
207,13,No_Ref,Self_Ref,RT,-0.02759921095381762
208,14,No_Ref,Self_Ref,RT,0.06963148203443814
209,15,No_Ref,Self_Ref,RT,0.06952630097132932
210,16,No_Ref,Self_Ref,RT,-0.023306029841562874
211,17,No_Ref,Self_Ref,RT,0.027195076970861674
212,18,No_Ref,Self_Ref,RT,0.04078136772592285
213,19,No_Ref,Self_Ref,RT,0.10335628679562658
214,20,No_Ref,Self_Ref,RT,0.022578448321022602
215,21,No_Ref,Self_Ref,RT,0.04745920745920747
216,22,No_Ref,Self_Ref,RT,0.015172101449275397
217,23,No_Ref,Self_Ref,RT,0.005846222643097634
218,24,No_Ref,Self_Ref,RT,0.011789740050609574
219,25,No_Ref,Self_Ref,RT,0.053893051862595076
220,26,No_Ref,Self_Ref,RT,0.03775359153562409
221,27,No_Ref,Self_Ref,RT,0.09626707614105683
222,28,No_Ref,Self_Ref,RT,0.04449159060609161
223,29,No_Ref,Self_Ref,RT,0.024385204081632673
224,30,No_Ref,Self_Ref,RT,0.011775741515988212
225,31,No_Ref,Self_Ref,RT,0.03200899550224874
226,32,No_Ref,Self_Ref,RT,0.027186368499012507
227,33,No_Ref,Self_Ref,RT,0.1267022130312665
228,34,No_Ref,Self_Ref,RT,0.06044627274993758
229,35,No_Ref,Self_Ref,RT,0.016835018673422554
230,36,No_Ref,Self_Ref,RT,-0.018539875965618614
231,37,No_Ref,Self_Ref,RT,-0.03573504983388699
232,38,No_Ref,Self_Ref,RT,-0.030244134432466707
233,39,No_Ref,Self_Ref,RT,0.050731334149326825
234,40,No_Ref,Self_Ref,RT,-0.021792521994134915
235,41,No_Ref,Self_Ref,RT,-0.0445331465919701
236,42,No_Ref,Self_Ref,RT,0.08097058823529421
237,43,No_Ref,Self_Ref,RT,0.04204477907667916
238,44,No_Ref,Self_Ref,RT,0.08479880774962736
239,45,No_Ref,Self_Ref,RT,0.05410476190476189
240,46,No_Ref,Self_Ref,RT,-0.020805190188410944
241,47,No_Ref,Self_Ref,RT,-0.0039337474120083125
242,48,No_Ref,Self_Ref,RT,-0.010698562443845464
243,49,No_Ref,Self_Ref,RT,-0.062195054945054874
244,50,No_Ref,Self_Ref,RT,-0.00795328142380424
245,51,No_Ref,Self_Ref,RT,0.04054009433962259
246,52,No_Ref,Self_Ref,RT,-0.02993935309973056
247,53,No_Ref,Self_Ref,RT,-0.028454617473970177
248,54,No_Ref,Self_Ref,RT,0.021657495538370007
249,55,No_Ref,Self_Ref,RT,0.045227920227920174
250,56,No_Ref,Self_Ref,RT,-0.0025712901439645997
251,57,No_Ref,Self_Ref,RT,-0.021002834868887287
252,58,No_Ref,Self_Ref,RT,0.04592734496949053
253,59,No_Ref,Self_Ref,RT,-0.015428037686809604
254,60,No_Ref,Self_Ref,RT,0.005813630813630735
255,61,No_Ref,Self_Ref,RT,0.023977086743044183
256,62,No_Ref,Self_Ref,RT,-0.017000404530744383
257,63,No_Ref,Self_Ref,RT,0.0314475743348983
258,64,No_Ref,Self_Ref,RT,-0.046918685927306615
259,65,No_Ref,Self_Ref,RT,-0.013273000290632003
260,66,No_Ref,Self_Ref,RT,-0.0025141743444366095
261,67,No_Ref,Self_Ref,RT,0.009303691275167763
262,68,No_Ref,Self_Ref,RT,0.017710667861945282
263,69,No_Ref,Self_Ref,RT,0.010636645962732848
264,70,No_Ref,Self_Ref,RT,-0.02427227028290855
265,71,No_Ref,Self_Ref,RT,-0.0019281598954621448
266,72,No_Ref,Self_Ref,RT,-0.0004722491624052194
267,73,No_Ref,Self_Ref,RT,0.0062442138866719175
268,74,No_Ref,Self_Ref,RT,-0.023491173817806986
269,75,No_Ref,Self_Ref,RT,-0.02347368421052632
270,76,No_Ref,Self_Ref,RT,-0.000597472472472474
271,77,No_Ref,Self_Ref,RT,0.014364114658925925
272,78,No_Ref,Self_Ref,RT,0.052595987777335
273,79,No_Ref,Self_Ref,RT,0.03316730176011621
274,80,No_Ref,Self_Ref,RT,-0.007143718350614864
275,81,No_Ref,Self_Ref,RT,0.016389029964448906
276,82,No_Ref,Self_Ref,RT,-0.0025307816591454008
277,83,No_Ref,Self_Ref,RT,0.011809523809523817
278,84,No_Ref,Self_Ref,RT,0.030539900544636473
279,85,No_Ref,Self_Ref,RT,-0.014086981824693446
280,86,No_Ref,Self_Ref,RT,-0.010765550239234483
281,87,No_Ref,Self_Ref,RT,0.025634757248241546
282,88,No_Ref,Self_Ref,RT,0.024196609311740936
283,89,No_Ref,Self_Ref,RT,-0.03516505636070857
284,90,No_Ref,Self_Ref,RT,0.04560185185185191
285,91,No_Ref,Self_Ref,RT,-0.014567610948411806
286,92,No_Ref,Self_Ref,RT,-0.022827540106951875
287,93,No_Ref,Self_Ref,RT,-0.013209834665058517
288,94,No_Ref,Self_Ref,RT,-0.04929972909707793
289,95,No_Ref,Self_Ref,RT,-0.008026801586216279
290,96,No_Ref,Self_Ref,RT,0.06199430583075234
291,97,No_Ref,Self_Ref,RT,-0.13416950757575757
292,98,No_Ref,Self_Ref,RT,0.08774331550802128
293,99,No_Ref,Self_Ref,RT,0.1571345152173405
294,100,No_Ref,Self_Ref,RT,0.07400492759452934
295,101,No_Ref,Self_Ref,RT,0.04331288568909785
296,102,No_Ref,Self_Ref,RT,0.15202379324490636
297,103,No_Ref,Self_Ref,RT,0.08940653474772207
298,104,No_Ref,Self_Ref,RT,-0.06679435865858281
299,105,No_Ref,Self_Ref,RT,0.06622727638352639
300,106,No_Ref,Self_Ref,RT,0.03914455436390539
301,107,No_Ref,Self_Ref,RT,0.14993438157731825
302,108,No_Ref,Self_Ref,RT,0.036009025225630625
303,109,No_Ref,Self_Ref,RT,-0.06550447071304084
304,110,No_Ref,Self_Ref,RT,-0.05084865629420082
305,111,No_Ref,Self_Ref,RT,0.1582469447956174
306,112,No_Ref,Self_Ref,RT,0.08307305194805192
307,113,No_Ref,Self_Ref,RT,0.05767441860465124
308,114,No_Ref,Self_Ref,RT,0.09297816630184803
309,115,No_Ref,Self_Ref,RT,-0.038065942516581776
310,116,No_Ref,Self_Ref,RT,0.013501207843880253
311,117,No_Ref,Self_Ref,RT,0.10457212936046516
312,118,No_Ref,Self_Ref,RT,-0.03548872180451129
313,119,No_Ref,Self_Ref,RT,-0.04824644549763029
314,120,No_Ref,Self_Ref,RT,0.07629716981132083
315,121,No_Ref,Self_Ref,RT,-0.0007092394915178934
316,122,No_Ref,Self_Ref,RT,0.023884297520661193
317,123,No_Ref,Self_Ref,RT,-0.026088319088319135
318,124,No_Ref,Self_Ref,RT,-0.12951282763730668
319,125,No_Ref,Self_Ref,RT,0.06120347564313089
320,126,No_Ref,Self_Ref,RT,0.02872630605640315
321,127,No_Ref,Self_Ref,RT,0.029835266091334096
322,128,No_Ref,Self_Ref,RT,0.03901165313332922
323,129,No_Ref,Self_Ref,RT,0.21849163119544052
324,130,No_Ref,Self_Ref,RT,0.009840603625579886
325,131,No_Ref,Self_Ref,RT,-0.0029214682031583755
326,132,No_Ref,Self_Ref,RT,-0.007353297035692638
327,133,No_Ref,Self_Ref,RT,0.03828830250615488
328,134,No_Ref,Self_Ref,RT,0.049468491549802235
329,135,No_Ref,Self_Ref,RT,-0.06114339339339338
330,136,No_Ref,Self_Ref,RT,0.12705629952593517
331,137,No_Ref,Self_Ref,RT,-0.032705603788476714
332,138,No_Ref,Self_Ref,RT,0.0605824446267433
333,139,No_Ref,Self_Ref,RT,-0.004817073170731734
334,140,No_Ref,Self_Ref,RT,0.06453909311438709
335,141,No_Ref,Self_Ref,RT,0.11285283080437263
336,142,No_Ref,Self_Ref,RT,0.05636135043468095
337,143,No_Ref,Self_Ref,RT,0.05472746412975669
338,144,No_Ref,Self_Ref,RT,0.09998063595597213
339,145,No_Ref,Self_Ref,RT,-0.0519524228751697
340,146,No_Ref,Self_Ref,RT,-0.017025827682489066
341,147,No_Ref,Self_Ref,RT,-0.021827418271383823
342,148,No_Ref,Self_Ref,RT,0.12430110467023947
343,149,No_Ref,Self_Ref,RT,0.05653096662164767
344,150,No_Ref,Self_Ref,RT,0.0801388888888888
345,151,No_Ref,Self_Ref,RT,0.014022563287269144
346,152,No_Ref,Self_Ref,RT,0.036599530398968426
347,153,No_Ref,Self_Ref,RT,0.02807710727969351
348,154,No_Ref,Self_Ref,RT,-0.027678010142072895
349,155,No_Ref,Self_Ref,RT,0.026373401434809762
350,156,No_Ref,Self_Ref,RT,0.05585434941520469
351,157,No_Ref,Self_Ref,RT,0.0596907188253343
352,158,No_Ref,Self_Ref,RT,0.03653700442332895
353,159,No_Ref,Self_Ref,RT,-0.026646881563327528
354,160,No_Ref,Self_Ref,RT,0.021554127773063463
355,161,No_Ref,Self_Ref,RT,0.015726433430515063
356,162,No_Ref,Self_Ref,RT,0.19582744451423792
357,163,No_Ref,Self_Ref,RT,0.026748511904761907
358,164,No_Ref,Self_Ref,RT,0.11934274755927476
359,165,No_Ref,Self_Ref,RT,0.03030818387961242
360,166,No_Ref,Self_Ref,RT,0.10369405903907114
361,167,No_Ref,Self_Ref,RT,0.04886176857330705
362,168,No_Ref,Self_Ref,RT,0.0800125603864735
363,169,No_Ref,Self_Ref,RT,0.037288833556789774
364,170,No_Ref,Self_Ref,RT,0.11645601851851857
365,171,No_Ref,Self_Ref,RT,0.0989586989586989
366,172,No_Ref,Self_Ref,RT,0.028240936166221076
367,173,No_Ref,Self_Ref,RT,0.026558126516141034
368,174,No_Ref,Self_Ref,RT,0.09804312313021576
369,175,No_Ref,Self_Ref,RT,0.046614614614614525
370,176,No_Ref,Self_Ref,RT,0.10006574422462271
371,177,No_Ref,Self_Ref,RT,0.006480111768573288
372,178,No_Ref,Self_Ref,RT,-0.02016829473125886
373,179,No_Ref,Self_Ref,RT,0.04418629458952039
374,180,No_Ref,Self_Ref,RT,0.070904583112272
375,181,No_Ref,Self_Ref,RT,0.02264496747877851
376,182,No_Ref,Self_Ref,RT,0.05686403508771933
377,183,No_Ref,Self_Ref,RT,0.05675632012845868
378,184,No_Ref,Self_Ref,RT,0.068167146381579
379,185,No_Ref,Self_Ref,RT,0.07881271822834461
380,186,No_Ref,Self_Ref,RT,-0.004957608043217279
381,187,No_Ref,Self_Ref,RT,-0.04561850649350646
382,188,No_Ref,Self_Ref,RT,0.0501157754612269
383,189,No_Ref,Self_Ref,RT,0.07639022435897434
384,190,No_Ref,Self_Ref,RT,0.13111567982456143
385,191,No_Ref,Self_Ref,RT,0.018507442242717546
386,192,No_Ref,Self_Ref,RT,-0.005998053137883605
387,193,No_Ref,Self_Ref,RT,0.010625909752547305
388,194,No_Ref,Self_Ref,RT,0.05034550507954766
389,195,No_Ref,Self_Ref,RT,0.046428571428571506
390,1,No_Ref,Self_Ref,ismatch,0.0005813953488372214
391,2,No_Ref,Self_Ref,ismatch,0.001144820344245062
392,3,No_Ref,Self_Ref,ismatch,0.0007881773399016189
393,4,No_Ref,Self_Ref,ismatch,0.00739934892373105
394,5,No_Ref,Self_Ref,ismatch,0.00042789001122332527
395,6,No_Ref,Self_Ref,ismatch,0.005287633145363418
396,7,No_Ref,Self_Ref,ismatch,0.006428303303303268
397,8,No_Ref,Self_Ref,ismatch,-0.005010193329668328
398,9,No_Ref,Self_Ref,ismatch,0.002190613208827669
399,10,No_Ref,Self_Ref,ismatch,0.0030422979797979865
400,11,No_Ref,Self_Ref,ismatch,0.009809451219512166
401,12,No_Ref,Self_Ref,ismatch,0.013998302768471143
402,13,No_Ref,Self_Ref,ismatch,0.0018380134601995418
403,14,No_Ref,Self_Ref,ismatch,0.00740084104707871
404,15,No_Ref,Self_Ref,ismatch,0.0038131716015203042
405,16,No_Ref,Self_Ref,ismatch,-0.00010511203404607039
406,17,No_Ref,Self_Ref,ismatch,-0.0026270067749888824
407,18,No_Ref,Self_Ref,ismatch,0.003116274431591398
408,19,No_Ref,Self_Ref,ismatch,0.00554650266330251
409,20,No_Ref,Self_Ref,ismatch,0.004622426528367124
410,21,No_Ref,Self_Ref,ismatch,0.0020305620305620165
411,22,No_Ref,Self_Ref,ismatch,-0.003141334046091679
412,23,No_Ref,Self_Ref,ismatch,0.00805910669191919
413,24,No_Ref,Self_Ref,ismatch,0.0027662755923624853
414,25,No_Ref,Self_Ref,ismatch,0.004173716864072269
415,26,No_Ref,Self_Ref,ismatch,-9.88885653271987e-05
416,27,No_Ref,Self_Ref,ismatch,0.0019339722545800464
417,28,No_Ref,Self_Ref,ismatch,0.003081094246743876
418,29,No_Ref,Self_Ref,ismatch,-0.002289540816326513
419,30,No_Ref,Self_Ref,ismatch,0.0003596241204239348
420,31,No_Ref,Self_Ref,ismatch,-0.005412769805573534
421,32,No_Ref,Self_Ref,ismatch,-0.000392939433838041
422,33,No_Ref,Self_Ref,ismatch,0.005521003734683272
423,34,No_Ref,Self_Ref,ismatch,0.0031378985567466545
424,35,No_Ref,Self_Ref,ismatch,0.0025591325048594125
425,36,No_Ref,Self_Ref,ismatch,0.0006990534218256295
426,37,No_Ref,Self_Ref,ismatch,0.0014604097452935228
427,38,No_Ref,Self_Ref,ismatch,-0.0031198478123018293
428,39,No_Ref,Self_Ref,ismatch,0.0018084455324357761
429,40,No_Ref,Self_Ref,ismatch,-0.0029814271749755705
430,41,No_Ref,Self_Ref,ismatch,-0.0033123249299719716
431,42,No_Ref,Self_Ref,ismatch,-0.0025686274509802987
432,43,No_Ref,Self_Ref,ismatch,-0.00516643550624139
433,44,No_Ref,Self_Ref,ismatch,0.006028315946348672
434,45,No_Ref,Self_Ref,ismatch,-0.0009238095238095323
435,46,No_Ref,Self_Ref,ismatch,0.0015997156061144685
436,47,No_Ref,Self_Ref,ismatch,0.003642010163749279
437,48,No_Ref,Self_Ref,ismatch,0.0008131176999101486
438,49,No_Ref,Self_Ref,ismatch,0.00601923076923083
439,50,No_Ref,Self_Ref,ismatch,-0.008558120133481686
440,51,No_Ref,Self_Ref,ismatch,0.007540094339622561
441,52,No_Ref,Self_Ref,ismatch,0.0017632524707995646
442,53,No_Ref,Self_Ref,ismatch,-0.015668854685378066
443,54,No_Ref,Self_Ref,ismatch,0.00029372397382506634
444,55,No_Ref,Self_Ref,ismatch,0.0002203525641024995
445,56,No_Ref,Self_Ref,ismatch,0.004626937984496082
446,57,No_Ref,Self_Ref,ismatch,-0.003706591070162976
447,58,No_Ref,Self_Ref,ismatch,0.00459060593160206
448,59,No_Ref,Self_Ref,ismatch,0.0034031838856400376
449,60,No_Ref,Self_Ref,ismatch,0.00275280275280268
450,61,No_Ref,Self_Ref,ismatch,0.0014437689969604706
451,62,No_Ref,Self_Ref,ismatch,0.006108414239482154
452,63,No_Ref,Self_Ref,ismatch,-0.0008489827856024868
453,64,No_Ref,Self_Ref,ismatch,-0.004683131407269334
454,65,No_Ref,Self_Ref,ismatch,-0.011549391287499645
455,66,No_Ref,Self_Ref,ismatch,-0.0033566619418852472
456,67,No_Ref,Self_Ref,ismatch,0.002191994247363338
457,68,No_Ref,Self_Ref,ismatch,-0.00040620797848500977
458,69,No_Ref,Self_Ref,ismatch,-0.008116628002694092
459,70,No_Ref,Self_Ref,ismatch,0.0014057750759878585
460,71,No_Ref,Self_Ref,ismatch,-0.00160073651698745
461,72,No_Ref,Self_Ref,ismatch,-0.002724938282489861
462,73,No_Ref,Self_Ref,ismatch,-0.0019784517158819488
463,74,No_Ref,Self_Ref,ismatch,0.0019134132199458698
464,75,No_Ref,Self_Ref,ismatch,0.004853576248313096
465,76,No_Ref,Self_Ref,ismatch,-0.002302302302302317
466,77,No_Ref,Self_Ref,ismatch,-0.0008929381349782994
467,78,No_Ref,Self_Ref,ismatch,0.0029095257074532423
468,79,No_Ref,Self_Ref,ismatch,0.002242787152966891
469,80,No_Ref,Self_Ref,ismatch,-0.0015770436460091353
470,81,No_Ref,Self_Ref,ismatch,0.0014051125782968826
471,82,No_Ref,Self_Ref,ismatch,-0.00762995152933314
472,83,No_Ref,Self_Ref,ismatch,-0.001978741496598635
473,84,No_Ref,Self_Ref,ismatch,-0.001108216907411852
474,85,No_Ref,Self_Ref,ismatch,-0.0010251589220163892
475,86,No_Ref,Self_Ref,ismatch,0.0023391812865496686
476,87,No_Ref,Self_Ref,ismatch,-0.0017014680293116035
477,88,No_Ref,Self_Ref,ismatch,-0.0002928896761133115
478,89,No_Ref,Self_Ref,ismatch,0.0027447089947089413
479,90,No_Ref,Self_Ref,ismatch,-0.0030907932223721126
480,91,No_Ref,Self_Ref,ismatch,-0.004944807389051567
481,92,No_Ref,Self_Ref,ismatch,-0.0032832233473660322
482,93,No_Ref,Self_Ref,ismatch,-0.0051912156389767984
483,94,No_Ref,Self_Ref,ismatch,-0.002983219799584416
484,95,No_Ref,Self_Ref,ismatch,0.0005520990017776894
485,96,No_Ref,Self_Ref,ismatch,-0.0036295519689129364
486,97,No_Ref,Self_Ref,ismatch,-0.01020075757575759
487,98,No_Ref,Self_Ref,ismatch,-0.0016377005347594786
488,99,No_Ref,Self_Ref,ismatch,0.016470464578515885
489,100,No_Ref,Self_Ref,ismatch,0.0003152654867256577
490,101,No_Ref,Self_Ref,ismatch,0.0016704011166617627
491,102,No_Ref,Self_Ref,ismatch,0.0014842289985870117
492,103,No_Ref,Self_Ref,ismatch,0.002342581259349985
493,104,No_Ref,Self_Ref,ismatch,-0.006219211822660118
494,105,No_Ref,Self_Ref,ismatch,0.006439028314028328
495,106,No_Ref,Self_Ref,ismatch,0.0030955297707101316
496,107,No_Ref,Self_Ref,ismatch,0.010119475052618482
497,108,No_Ref,Self_Ref,ismatch,0.0013069076726917872
498,109,No_Ref,Self_Ref,ismatch,-0.0062826778813366655
499,110,No_Ref,Self_Ref,ismatch,-0.002679202869266481
500,111,No_Ref,Self_Ref,ismatch,0.0046876316898441074
501,112,No_Ref,Self_Ref,ismatch,-0.0010665584415584795
502,113,No_Ref,Self_Ref,ismatch,0.00627906976744193
503,114,No_Ref,Self_Ref,ismatch,0.004062647197362124
504,115,No_Ref,Self_Ref,ismatch,-0.0012550466211670053
505,116,No_Ref,Self_Ref,ismatch,-0.000877463054187183
506,117,No_Ref,Self_Ref,ismatch,0.008297601744186079
507,118,No_Ref,Self_Ref,ismatch,-0.002697692507129931
508,119,No_Ref,Self_Ref,ismatch,-0.0026017880224041084
509,120,No_Ref,Self_Ref,ismatch,0.0070703936083777895
510,121,No_Ref,Self_Ref,ismatch,0.002427802630996187
511,122,No_Ref,Self_Ref,ismatch,-0.001026170798898035
512,123,No_Ref,Self_Ref,ismatch,-0.00013247863247867474
513,124,No_Ref,Self_Ref,ismatch,-0.0107931215461085
514,125,No_Ref,Self_Ref,ismatch,-0.0022329980842911044
515,126,No_Ref,Self_Ref,ismatch,-0.00018955154877480228
516,127,No_Ref,Self_Ref,ismatch,-0.003534025530384716
517,128,No_Ref,Self_Ref,ismatch,-0.0024886877828054375
518,129,No_Ref,Self_Ref,ismatch,0.014140393910973326
519,130,No_Ref,Self_Ref,ismatch,-0.003040847563017235
520,131,No_Ref,Self_Ref,ismatch,0.0018224498506188263
521,132,No_Ref,Self_Ref,ismatch,-0.004851028433151788
522,133,No_Ref,Self_Ref,ismatch,-0.002805483660543351
523,134,No_Ref,Self_Ref,ismatch,-0.0014782227615965315
524,135,No_Ref,Self_Ref,ismatch,-0.006339339339339315
525,136,No_Ref,Self_Ref,ismatch,-0.00014360358489909353
526,137,No_Ref,Self_Ref,ismatch,0.0042407261247040225
527,138,No_Ref,Self_Ref,ismatch,0.0011222769118585997
528,139,No_Ref,Self_Ref,ismatch,0.00270905923344944
529,140,No_Ref,Self_Ref,ismatch,-0.0029417801828698575
530,141,No_Ref,Self_Ref,ismatch,0.0033228299885788683
531,142,No_Ref,Self_Ref,ismatch,-0.0034028887762660165
532,143,No_Ref,Self_Ref,ismatch,0.00015644494697439893
533,144,No_Ref,Self_Ref,ismatch,-0.004227986139421214
534,145,No_Ref,Self_Ref,ismatch,-0.003324804666006434
535,146,No_Ref,Self_Ref,ismatch,-0.0014135420821699551
536,147,No_Ref,Self_Ref,ismatch,-0.0038919055082848515
537,148,No_Ref,Self_Ref,ismatch,0.006084436180684621
538,149,No_Ref,Self_Ref,ismatch,-0.0001999056745343064
539,150,No_Ref,Self_Ref,ismatch,0.0024131944444443555
540,151,No_Ref,Self_Ref,ismatch,-0.001078227548815819
541,152,No_Ref,Self_Ref,ismatch,0.00045372312785079696
542,153,No_Ref,Self_Ref,ismatch,-0.005348180076628334
543,154,No_Ref,Self_Ref,ismatch,-0.0020022211977704677
544,155,No_Ref,Self_Ref,ismatch,0.0010804936057392967
545,156,No_Ref,Self_Ref,ismatch,-0.006354623538011689
546,157,No_Ref,Self_Ref,ismatch,0.0033060303893637953
547,158,No_Ref,Self_Ref,ismatch,0.0040623976081258
548,159,No_Ref,Self_Ref,ismatch,-0.0031882933065473266
549,160,No_Ref,Self_Ref,ismatch,-0.0004884430436012
550,161,No_Ref,Self_Ref,ismatch,0.0006936345966958246
551,162,No_Ref,Self_Ref,ismatch,0.003698178391959872
552,163,No_Ref,Self_Ref,ismatch,0.00552455357142857
553,164,No_Ref,Self_Ref,ismatch,-0.0006101813110181264
554,165,No_Ref,Self_Ref,ismatch,-2.904743164487411e-05
555,166,No_Ref,Self_Ref,ismatch,-0.0008038618304582635
556,167,No_Ref,Self_Ref,ismatch,0.0015149024764409325
557,168,No_Ref,Self_Ref,ismatch,-0.00319516908212551
558,169,No_Ref,Self_Ref,ismatch,-0.004440241333078049
559,170,No_Ref,Self_Ref,ismatch,0.0039612268518519015
560,171,No_Ref,Self_Ref,ismatch,-0.00045922545922552074
561,172,No_Ref,Self_Ref,ismatch,0.00038166596313491676
562,173,No_Ref,Self_Ref,ismatch,-0.0034773278596753276
563,174,No_Ref,Self_Ref,ismatch,0.0016916627302787479
564,175,No_Ref,Self_Ref,ismatch,-0.0014164164164164994
565,176,No_Ref,Self_Ref,ismatch,0.0044159889954282164
566,177,No_Ref,Self_Ref,ismatch,0.00037119219811525825
567,178,No_Ref,Self_Ref,ismatch,0.0019188693422913488
568,179,No_Ref,Self_Ref,ismatch,-0.004578959720088765
569,180,No_Ref,Self_Ref,ismatch,-0.007076684487613743
570,181,No_Ref,Self_Ref,ismatch,0.0006855638849079748
571,182,No_Ref,Self_Ref,ismatch,0.0013162463450292594
572,183,No_Ref,Self_Ref,ismatch,0.002438463195409962
573,184,No_Ref,Self_Ref,ismatch,-0.0024198190789473106
574,185,No_Ref,Self_Ref,ismatch,-0.0011802267183239957
575,186,No_Ref,Self_Ref,ismatch,-0.0057477678571428575
576,187,No_Ref,Self_Ref,ismatch,-0.0047808441558441495
577,188,No_Ref,Self_Ref,ismatch,-0.002400348732563401
578,189,No_Ref,Self_Ref,ismatch,0.0030597527472527473
579,190,No_Ref,Self_Ref,ismatch,0.006872258771929829
580,191,No_Ref,Self_Ref,ismatch,-0.006275226006757376
581,192,No_Ref,Self_Ref,ismatch,-0.0009610245839059034
582,193,No_Ref,Self_Ref,ismatch,0.004153603553166902
583,194,No_Ref,Self_Ref,ismatch,-0.0017821544949204072
584,195,No_Ref,Self_Ref,ismatch,0.0017387529597475138
0,1,Self_Ref,No_Ref,ACC,0.026414049919484695
1,2,Self_Ref,No_Ref,ACC,0.01584603658536594
2,3,Self_Ref,No_Ref,ACC,0.017774758454106317
3,4,Self_Ref,No_Ref,ACC,0.00627931769722812
4,5,Self_Ref,No_Ref,ACC,0.027998022294138863
5,6,Self_Ref,No_Ref,ACC,-0.023678839957035416
6,7,Self_Ref,No_Ref,ACC,0.014544025157232637
7,8,Self_Ref,No_Ref,ACC,-0.05252450980392156
8,9,Self_Ref,No_Ref,ACC,0.006661511268227954
9,10,Self_Ref,No_Ref,ACC,0.04614912280701755
10,11,Self_Ref,No_Ref,ACC,0.06868686868686871
11,12,Self_Ref,No_Ref,ACC,-0.0024666666666666335
12,13,Self_Ref,No_Ref,ACC,0.0409765625
13,14,Self_Ref,No_Ref,ACC,-0.04499271137026241
14,15,Self_Ref,No_Ref,ACC,0.00013020833333328153
15,16,Self_Ref,No_Ref,ACC,0.02653722681812562
16,17,Self_Ref,No_Ref,ACC,0.009007092198581554
17,18,Self_Ref,No_Ref,ACC,0.0006410256410256193
18,19,Self_Ref,No_Ref,ACC,0.0711034482758621
19,20,Self_Ref,No_Ref,ACC,-0.0020833333333332817
20,21,Self_Ref,No_Ref,ACC,0.07034598214285727
21,22,Self_Ref,No_Ref,ACC,0.00840909090909087
22,23,Self_Ref,No_Ref,ACC,0.02447877885331344
23,24,Self_Ref,No_Ref,ACC,0.07061711711711714
24,25,Self_Ref,No_Ref,ACC,-0.05073743248857506
25,26,Self_Ref,No_Ref,ACC,0.04809336977605362
26,27,Self_Ref,No_Ref,ACC,-0.010002311604253345
27,28,Self_Ref,No_Ref,ACC,0.0731602822580646
28,29,Self_Ref,No_Ref,ACC,0.0530907457322551
29,30,Self_Ref,No_Ref,ACC,-0.08354426472403999
30,31,Self_Ref,No_Ref,ACC,0.025506535947712322
31,32,Self_Ref,No_Ref,ACC,0.07847295398665263
32,33,Self_Ref,No_Ref,ACC,0.04528735632183899
33,34,Self_Ref,No_Ref,ACC,-0.01357655502392357
34,35,Self_Ref,No_Ref,ACC,0.004178921568627464
35,36,Self_Ref,No_Ref,ACC,-0.029160324708269948
36,37,Self_Ref,No_Ref,ACC,0.023007324429125404
37,38,Self_Ref,No_Ref,ACC,-0.006583666637683627
38,39,Self_Ref,No_Ref,ACC,-0.017928005438361684
39,40,Self_Ref,No_Ref,ACC,0.06632529239766076
40,41,Self_Ref,No_Ref,ACC,-0.010661438295353714
41,42,Self_Ref,No_Ref,ACC,0.01427095601148774
42,43,Self_Ref,No_Ref,ACC,-3.255640896160372e-05
43,44,Self_Ref,No_Ref,ACC,0.06252560018204575
44,45,Self_Ref,No_Ref,ACC,0.03424987444642287
45,46,Self_Ref,No_Ref,ACC,0.007677044830948468
46,47,Self_Ref,No_Ref,ACC,-0.007911762793419593
47,48,Self_Ref,No_Ref,ACC,0.027946794871794856
48,49,Self_Ref,No_Ref,ACC,0.040404786442230584
49,50,Self_Ref,No_Ref,ACC,0.016651812240047477
50,51,Self_Ref,No_Ref,ACC,0.0685481366459628
51,52,Self_Ref,No_Ref,ACC,0.01439201758836452
52,53,Self_Ref,No_Ref,ACC,0.06032843137254897
53,54,Self_Ref,No_Ref,ACC,0.010100485100485094
54,55,Self_Ref,No_Ref,ACC,0.08630554228380309
55,56,Self_Ref,No_Ref,ACC,-0.006441358024691304
56,57,Self_Ref,No_Ref,ACC,0.036769547325102854
57,58,Self_Ref,No_Ref,ACC,-0.04228372434017598
58,59,Self_Ref,No_Ref,ACC,0.08247318158032446
59,60,Self_Ref,No_Ref,ACC,0.003957274609448636
60,61,Self_Ref,No_Ref,ACC,-0.03231525966598032
61,62,Self_Ref,No_Ref,ACC,-0.002862149532710301
62,63,Self_Ref,No_Ref,ACC,0.00930851063829789
63,64,Self_Ref,No_Ref,ACC,-0.021324175824175774
64,65,Self_Ref,No_Ref,ACC,0.010294622425629351
65,66,Self_Ref,No_Ref,ACC,0.08029938708156535
66,67,Self_Ref,No_Ref,ACC,0.024688943349985858
67,68,Self_Ref,No_Ref,ACC,-0.03995569381598793
68,69,Self_Ref,No_Ref,ACC,-0.009836309523809516
69,70,Self_Ref,No_Ref,ACC,0.03663937237417476
70,71,Self_Ref,No_Ref,ACC,0.002443679894429213
71,72,Self_Ref,No_Ref,ACC,0.030186357243319188
72,73,Self_Ref,No_Ref,ACC,-0.044221947776993675
73,74,Self_Ref,No_Ref,ACC,0.006533241315850027
74,75,Self_Ref,No_Ref,ACC,0.027622579966329948
75,76,Self_Ref,No_Ref,ACC,-0.013668929110105593
76,77,Self_Ref,No_Ref,ACC,-0.030062956555171095
77,78,Self_Ref,No_Ref,ACC,-0.020860287511230896
78,79,Self_Ref,No_Ref,ACC,0.01565063649222059
79,80,Self_Ref,No_Ref,ACC,-0.018314451637471443
80,81,Self_Ref,No_Ref,ACC,-0.03836723372781062
81,82,Self_Ref,No_Ref,ACC,0.01770081770081765
82,83,Self_Ref,No_Ref,ACC,-0.012015656679432237
83,84,Self_Ref,No_Ref,ACC,0.03244827967695532
84,85,Self_Ref,No_Ref,ACC,0.009835423197492138
85,86,Self_Ref,No_Ref,ACC,0.062455893195702564
86,87,Self_Ref,No_Ref,ACC,-0.02996348285507098
87,88,Self_Ref,No_Ref,ACC,-0.02563161654867826
88,89,Self_Ref,No_Ref,ACC,-0.0002612229102166297
89,90,Self_Ref,No_Ref,ACC,-0.0163576698284948
90,91,Self_Ref,No_Ref,ACC,-0.003054298642533937
91,92,Self_Ref,No_Ref,ACC,0.0049461451247166
92,93,Self_Ref,No_Ref,ACC,0.05103826530612239
93,94,Self_Ref,No_Ref,ACC,0.08160343869613534
94,95,Self_Ref,No_Ref,ACC,0.03005032907471932
95,96,Self_Ref,No_Ref,ACC,-0.025255858440937373
96,97,Self_Ref,No_Ref,ACC,0.052809336001883755
97,98,Self_Ref,No_Ref,ACC,0.0988781762479727
98,99,Self_Ref,No_Ref,ACC,-0.0011686431329288316
99,100,Self_Ref,No_Ref,ACC,-0.030911040601680474
100,101,Self_Ref,No_Ref,ACC,0.0551542649727768
101,102,Self_Ref,No_Ref,ACC,0.02857042203903327
102,103,Self_Ref,No_Ref,ACC,0.008768184693232154
103,104,Self_Ref,No_Ref,ACC,0.006597573306369986
104,105,Self_Ref,No_Ref,ACC,0.023600405679513152
105,106,Self_Ref,No_Ref,ACC,0.058188807954676916
106,107,Self_Ref,No_Ref,ACC,-0.00021103145235891186
107,108,Self_Ref,No_Ref,ACC,-0.03416741640425846
108,109,Self_Ref,No_Ref,ACC,0.05869369369369374
109,110,Self_Ref,No_Ref,ACC,0.0004147074190177291
110,111,Self_Ref,No_Ref,ACC,-0.03059949878612263
111,112,Self_Ref,No_Ref,ACC,0.0025926457914392078
112,113,Self_Ref,No_Ref,ACC,-0.025051980198019803
113,114,Self_Ref,No_Ref,ACC,-0.012158147662734866
114,115,Self_Ref,No_Ref,ACC,-0.004279054279054293
115,116,Self_Ref,No_Ref,ACC,0.011610452186805034
116,117,Self_Ref,No_Ref,ACC,0.039144219977553414
117,118,Self_Ref,No_Ref,ACC,-0.02102815485168425
118,119,Self_Ref,No_Ref,ACC,-0.0019892473118280464
119,120,Self_Ref,No_Ref,ACC,0.025226061298305742
120,121,Self_Ref,No_Ref,ACC,-0.038550142142927145
121,122,Self_Ref,No_Ref,ACC,0.028445883441258073
122,123,Self_Ref,No_Ref,ACC,-0.01554330065359474
123,124,Self_Ref,No_Ref,ACC,0.01444130127298438
124,125,Self_Ref,No_Ref,ACC,0.08778887583235419
125,126,Self_Ref,No_Ref,ACC,-0.0643869891576314
126,127,Self_Ref,No_Ref,ACC,-0.009771141278578335
127,128,Self_Ref,No_Ref,ACC,0.023415722312908106
128,129,Self_Ref,No_Ref,ACC,0.044857708102620984
129,130,Self_Ref,No_Ref,ACC,-0.0006052671716914315
130,131,Self_Ref,No_Ref,ACC,0.07043785210012118
131,132,Self_Ref,No_Ref,ACC,0.04249322697170376
132,133,Self_Ref,No_Ref,ACC,0.02987489883223505
133,134,Self_Ref,No_Ref,ACC,0.043008709422011085
134,135,Self_Ref,No_Ref,ACC,0.002827522086223999
135,136,Self_Ref,No_Ref,ACC,0.025983610074226608
136,137,Self_Ref,No_Ref,ACC,0.02487204869764269
137,138,Self_Ref,No_Ref,ACC,0.010306954124372176
138,139,Self_Ref,No_Ref,ACC,0.0038400146798583724
139,140,Self_Ref,No_Ref,ACC,0.04134763086375987
140,141,Self_Ref,No_Ref,ACC,-0.0011259923581001697
141,142,Self_Ref,No_Ref,ACC,-0.018333549570922918
142,143,Self_Ref,No_Ref,ACC,0.06675709604664021
143,144,Self_Ref,No_Ref,ACC,0.010867769513423876
144,145,Self_Ref,No_Ref,ACC,-0.00820832208062211
145,146,Self_Ref,No_Ref,ACC,0.01870079819036995
146,147,Self_Ref,No_Ref,ACC,0.031121980963070117
147,148,Self_Ref,No_Ref,ACC,0.02627690162712073
148,149,Self_Ref,No_Ref,ACC,0.007571044987195635
149,150,Self_Ref,No_Ref,ACC,0.02806888001102071
150,151,Self_Ref,No_Ref,ACC,-0.009238601001217778
151,152,Self_Ref,No_Ref,ACC,0.01867447804947802
152,153,Self_Ref,No_Ref,ACC,0.01790225171865668
153,154,Self_Ref,No_Ref,ACC,0.021437835141538863
154,155,Self_Ref,No_Ref,ACC,0.02078799999999994
155,156,Self_Ref,No_Ref,ACC,0.0005994300784260386
156,157,Self_Ref,No_Ref,ACC,-0.005418341708542726
157,158,Self_Ref,No_Ref,ACC,0.00395771203626386
158,159,Self_Ref,No_Ref,ACC,0.009986298600660382
159,160,Self_Ref,No_Ref,ACC,0.048167657976883424
160,161,Self_Ref,No_Ref,ACC,0.03668066071101101
161,162,Self_Ref,No_Ref,ACC,0.010614058002789546
162,163,Self_Ref,No_Ref,ACC,0.027788223367491705
163,164,Self_Ref,No_Ref,ACC,0.018350223384548347
164,1,Self_Ref,No_Ref,RT,0.1732739533011272
165,2,Self_Ref,No_Ref,RT,0.11691692073170741
166,3,Self_Ref,No_Ref,RT,0.07632850241545899
167,4,Self_Ref,No_Ref,RT,0.10018123667377395
168,5,Self_Ref,No_Ref,RT,0.19531643293779227
169,6,Self_Ref,No_Ref,RT,-0.1252443609022556
170,7,Self_Ref,No_Ref,RT,0.21763477088948777
171,8,Self_Ref,No_Ref,RT,-0.02164215686274509
172,9,Self_Ref,No_Ref,RT,0.004579098541758647
173,10,Self_Ref,No_Ref,RT,0.03267982456140352
174,11,Self_Ref,No_Ref,RT,-0.10865656565656563
175,12,Self_Ref,No_Ref,RT,0.04195238095238096
176,13,Self_Ref,No_Ref,RT,-0.04109765625000002
177,14,Self_Ref,No_Ref,RT,-0.03227648202137997
178,15,Self_Ref,No_Ref,RT,0.1984830729166666
179,16,Self_Ref,No_Ref,RT,0.1925762439807383
180,17,Self_Ref,No_Ref,RT,-0.0005703309692671188
181,18,Self_Ref,No_Ref,RT,-0.11139119889119893
182,19,Self_Ref,No_Ref,RT,0.22417241379310351
183,20,Self_Ref,No_Ref,RT,0.02711004273504276
184,21,Self_Ref,No_Ref,RT,0.14340959821428584
185,22,Self_Ref,No_Ref,RT,0.04073426573426566
186,23,Self_Ref,No_Ref,RT,-0.031891288160833996
187,24,Self_Ref,No_Ref,RT,0.031049549549549534
188,25,Self_Ref,No_Ref,RT,0.08445159950145406
189,26,Self_Ref,No_Ref,RT,-0.00800123435020276
190,27,Self_Ref,No_Ref,RT,-0.017653721682847928
191,28,Self_Ref,No_Ref,RT,0.23258008512544817
192,29,Self_Ref,No_Ref,RT,0.18632749326145548
193,30,Self_Ref,No_Ref,RT,-0.06630139523397949
194,31,Self_Ref,No_Ref,RT,0.03317973856209143
195,32,Self_Ref,No_Ref,RT,0.01577098700386374
196,33,Self_Ref,No_Ref,RT,-0.0018582375478928075
197,34,Self_Ref,No_Ref,RT,0.08006578947368412
198,35,Self_Ref,No_Ref,RT,-0.08613970588235291
199,36,Self_Ref,No_Ref,RT,-0.022925122611195718
200,37,Self_Ref,No_Ref,RT,0.08652633846572488
201,38,Self_Ref,No_Ref,RT,0.13792170246065566
202,39,Self_Ref,No_Ref,RT,-0.07443438914027146
203,40,Self_Ref,No_Ref,RT,0.143672514619883
204,41,Self_Ref,No_Ref,RT,-0.1008888935864373
205,42,Self_Ref,No_Ref,RT,0.1471347548503067
206,43,Self_Ref,No_Ref,RT,-0.058599542881441494
207,44,Self_Ref,No_Ref,RT,0.07456479690522247
208,45,Self_Ref,No_Ref,RT,-0.016126786284983773
209,46,Self_Ref,No_Ref,RT,0.007206512619333696
210,47,Self_Ref,No_Ref,RT,-0.06484979517523894
211,48,Self_Ref,No_Ref,RT,0.09991923076923073
212,49,Self_Ref,No_Ref,RT,0.1155273102026795
213,50,Self_Ref,No_Ref,RT,0.16037581699346398
214,51,Self_Ref,No_Ref,RT,0.14312111801242244
215,52,Self_Ref,No_Ref,RT,0.07968882124133256
216,53,Self_Ref,No_Ref,RT,0.13273774509803915
217,54,Self_Ref,No_Ref,RT,-0.02862092862092861
218,55,Self_Ref,No_Ref,RT,0.012762780697563278
219,56,Self_Ref,No_Ref,RT,0.057456790123456836
220,57,Self_Ref,No_Ref,RT,0.09281893004115223
221,58,Self_Ref,No_Ref,RT,0.01063355327468227
222,59,Self_Ref,No_Ref,RT,0.214645473574045
223,60,Self_Ref,No_Ref,RT,0.1253199698851874
224,61,Self_Ref,No_Ref,RT,0.0589739190116678
225,62,Self_Ref,No_Ref,RT,0.007227264557872043
226,63,Self_Ref,No_Ref,RT,0.12791948742746614
227,64,Self_Ref,No_Ref,RT,0.08373351648351653
228,65,Self_Ref,No_Ref,RT,0.01329519450800922
229,66,Self_Ref,No_Ref,RT,0.1572960867515323
230,67,Self_Ref,No_Ref,RT,0.0808841549627675
231,68,Self_Ref,No_Ref,RT,0.03948199472096532
232,69,Self_Ref,No_Ref,RT,-0.05300595238095235
233,70,Self_Ref,No_Ref,RT,0.012769013118408687
234,71,Self_Ref,No_Ref,RT,0.1176194740314827
235,72,Self_Ref,No_Ref,RT,0.037838431786216514
236,73,Self_Ref,No_Ref,RT,0.020437103034580052
237,74,Self_Ref,No_Ref,RT,0.037370600414078706
238,75,Self_Ref,No_Ref,RT,0.1486637205387205
239,76,Self_Ref,No_Ref,RT,0.1160657051282051
240,77,Self_Ref,No_Ref,RT,-0.0005406574394463987
241,78,Self_Ref,No_Ref,RT,0.03154761904761906
242,79,Self_Ref,No_Ref,RT,0.0173620933521923
243,80,Self_Ref,No_Ref,RT,0.04293602437166792
244,81,Self_Ref,No_Ref,RT,0.03169286242603554
245,82,Self_Ref,No_Ref,RT,0.03688872855539516
246,83,Self_Ref,No_Ref,RT,-0.011619311781932835
247,84,Self_Ref,No_Ref,RT,0.09621224692997005
248,85,Self_Ref,No_Ref,RT,-0.012619514106583097
249,86,Self_Ref,No_Ref,RT,0.1486945702548978
250,87,Self_Ref,No_Ref,RT,0.0033603542940018605
251,88,Self_Ref,No_Ref,RT,0.022113885821913374
252,89,Self_Ref,No_Ref,RT,0.008327528379773044
253,90,Self_Ref,No_Ref,RT,-0.009565727699530522
254,91,Self_Ref,No_Ref,RT,0.07327825360913594
255,92,Self_Ref,No_Ref,RT,0.09037344104308395
256,93,Self_Ref,No_Ref,RT,0.02602806122448973
257,94,Self_Ref,No_Ref,RT,0.12933541177923208
258,95,Self_Ref,No_Ref,RT,0.08818234610917539
259,96,Self_Ref,No_Ref,RT,0.005604973696795784
260,97,Self_Ref,No_Ref,RT,0.10012950317871445
261,98,Self_Ref,No_Ref,RT,0.043503333934042224
262,99,Self_Ref,No_Ref,RT,-0.011186569222283513
263,100,Self_Ref,No_Ref,RT,-0.008129149773782254
264,101,Self_Ref,No_Ref,RT,0.0697232304900182
265,102,Self_Ref,No_Ref,RT,0.03486225604171068
266,103,Self_Ref,No_Ref,RT,0.004780729496099523
267,104,Self_Ref,No_Ref,RT,0.07616279069767433
268,105,Self_Ref,No_Ref,RT,0.08701825557809326
269,106,Self_Ref,No_Ref,RT,0.09726557983581925
270,107,Self_Ref,No_Ref,RT,-0.05035846438482886
271,108,Self_Ref,No_Ref,RT,0.03964987254460946
272,109,Self_Ref,No_Ref,RT,0.14313063063063072
273,110,Self_Ref,No_Ref,RT,0.05761494252873561
274,111,Self_Ref,No_Ref,RT,-0.0029994517973216507
275,112,Self_Ref,No_Ref,RT,-0.027739873599540405
276,113,Self_Ref,No_Ref,RT,-0.10390841584158417
277,114,Self_Ref,No_Ref,RT,-0.06785714285714291
278,115,Self_Ref,No_Ref,RT,0.012221112221112213
279,116,Self_Ref,No_Ref,RT,-0.06910211267605636
280,117,Self_Ref,No_Ref,RT,0.010990460157126902
281,118,Self_Ref,No_Ref,RT,-0.08508044243338361
282,119,Self_Ref,No_Ref,RT,0.02838709677419347
283,120,Self_Ref,No_Ref,RT,0.033021606700932835
284,121,Self_Ref,No_Ref,RT,0.033388883442799736
285,122,Self_Ref,No_Ref,RT,0.06769195189639224
286,123,Self_Ref,No_Ref,RT,0.0020552491830065495
287,124,Self_Ref,No_Ref,RT,0.10063649222065059
288,125,Self_Ref,No_Ref,RT,0.1752056404230318
289,126,Self_Ref,No_Ref,RT,-0.04022310258548792
290,127,Self_Ref,No_Ref,RT,0.014584364112396164
291,128,Self_Ref,No_Ref,RT,0.03195924629583126
292,129,Self_Ref,No_Ref,RT,0.08360759274640096
293,130,Self_Ref,No_Ref,RT,0.12667242869490064
294,131,Self_Ref,No_Ref,RT,0.03669489410254581
295,132,Self_Ref,No_Ref,RT,0.09676512642986149
296,133,Self_Ref,No_Ref,RT,0.12515793733379596
297,134,Self_Ref,No_Ref,RT,0.06044775711906517
298,135,Self_Ref,No_Ref,RT,0.04152919563577705
299,136,Self_Ref,No_Ref,RT,0.0622854125846789
300,137,Self_Ref,No_Ref,RT,0.08392867032175891
301,138,Self_Ref,No_Ref,RT,0.07571707780251982
302,139,Self_Ref,No_Ref,RT,0.04919750945141563
303,140,Self_Ref,No_Ref,RT,0.10436445275154949
304,141,Self_Ref,No_Ref,RT,0.0775295232721586
305,142,Self_Ref,No_Ref,RT,0.031936129594276455
306,143,Self_Ref,No_Ref,RT,0.12737687419322802
307,144,Self_Ref,No_Ref,RT,0.014986776210513905
308,145,Self_Ref,No_Ref,RT,0.008649343436144869
309,146,Self_Ref,No_Ref,RT,0.05953144929846943
310,147,Self_Ref,No_Ref,RT,0.06159914528069763
311,148,Self_Ref,No_Ref,RT,0.05788344075258165
312,149,Self_Ref,No_Ref,RT,0.06107527806444213
313,150,Self_Ref,No_Ref,RT,0.16594682463149185
314,151,Self_Ref,No_Ref,RT,0.056838722770937565
315,152,Self_Ref,No_Ref,RT,0.05188715501215495
316,153,Self_Ref,No_Ref,RT,0.07615534732557785
317,154,Self_Ref,No_Ref,RT,0.05150174585359772
318,155,Self_Ref,No_Ref,RT,0.04386279999999993
319,156,Self_Ref,No_Ref,RT,0.042421499970368086
320,157,Self_Ref,No_Ref,RT,-0.017384579145728652
321,158,Self_Ref,No_Ref,RT,0.025629398783251815
322,159,Self_Ref,No_Ref,RT,0.034453123245210146
323,160,Self_Ref,No_Ref,RT,0.058178572935121874
324,161,Self_Ref,No_Ref,RT,0.02163717219878965
325,162,Self_Ref,No_Ref,RT,0.0837298070150068
326,163,Self_Ref,No_Ref,RT,0.07879961447034625
327,164,Self_Ref,No_Ref,RT,0.05434432354177375
328,1,Self_Ref,No_Ref,ismatch,0.013365539452495984
329,2,Self_Ref,No_Ref,ismatch,0.018784298780487894
330,3,Self_Ref,No_Ref,ismatch,0.004993961352657067
331,4,Self_Ref,No_Ref,ismatch,0.002478678038379506
332,5,Self_Ref,No_Ref,ismatch,0.010162711254944367
333,6,Self_Ref,No_Ref,ismatch,0.0020784103114930425
334,7,Self_Ref,No_Ref,ismatch,0.016289308176100564
335,8,Self_Ref,No_Ref,ismatch,-0.005973389355742295
336,9,Self_Ref,No_Ref,ismatch,-0.0053358373840036
337,10,Self_Ref,No_Ref,ismatch,0.0014780701754385894
338,11,Self_Ref,No_Ref,ismatch,-0.004474747474747453
339,12,Self_Ref,No_Ref,ismatch,0.003883333333333372
340,13,Self_Ref,No_Ref,ismatch,-0.002332031250000005
341,14,Self_Ref,No_Ref,ismatch,-0.005187074829931979
342,15,Self_Ref,No_Ref,ismatch,0.018164062499999946
343,16,Self_Ref,No_Ref,ismatch,0.0037072478083713225
344,17,Self_Ref,No_Ref,ismatch,-0.00425827423167848
345,18,Self_Ref,No_Ref,ismatch,0.0036339223839223474
346,19,Self_Ref,No_Ref,ismatch,0.011379310344827625
347,20,Self_Ref,No_Ref,ismatch,-0.009364316239316195
348,21,Self_Ref,No_Ref,ismatch,0.015457589285714357
349,22,Self_Ref,No_Ref,ismatch,-0.0009003496503497133
350,23,Self_Ref,No_Ref,ismatch,-0.005953090096798228
351,24,Self_Ref,No_Ref,ismatch,0.008729729729729718
352,25,Self_Ref,No_Ref,ismatch,0.008406037944882917
353,26,Self_Ref,No_Ref,ismatch,0.002708957855757382
354,27,Self_Ref,No_Ref,ismatch,-0.006035598705501646
355,28,Self_Ref,No_Ref,ismatch,0.020206093189964226
356,29,Self_Ref,No_Ref,ismatch,0.016799191374663014
357,30,Self_Ref,No_Ref,ismatch,-0.004633288060254315
358,31,Self_Ref,No_Ref,ismatch,-0.0008169934640523902
359,32,Self_Ref,No_Ref,ismatch,0.0074332630839480055
360,33,Self_Ref,No_Ref,ismatch,-0.008333333333333448
361,34,Self_Ref,No_Ref,ismatch,-0.00010466507177042672
362,35,Self_Ref,No_Ref,ismatch,-0.0021715686274509593
363,36,Self_Ref,No_Ref,ismatch,-0.008380369524775961
364,37,Self_Ref,No_Ref,ismatch,-0.0012228168439193277
365,38,Self_Ref,No_Ref,ismatch,0.020926984610033905
366,39,Self_Ref,No_Ref,ismatch,-0.005535020075202332
367,40,Self_Ref,No_Ref,ismatch,0.0009736842105262711
368,41,Self_Ref,No_Ref,ismatch,-0.004752568384560155
369,42,Self_Ref,No_Ref,ismatch,0.004974792867621136
370,43,Self_Ref,No_Ref,ismatch,-0.0019812900310946513
371,44,Self_Ref,No_Ref,ismatch,0.009150642849015867
372,45,Self_Ref,No_Ref,ismatch,0.0010318221248231062
373,46,Self_Ref,No_Ref,ismatch,0.0017398353704164704
374,47,Self_Ref,No_Ref,ismatch,-0.002180733467715684
375,48,Self_Ref,No_Ref,ismatch,0.016466666666666636
376,49,Self_Ref,No_Ref,ismatch,-0.008516546433069977
377,50,Self_Ref,No_Ref,ismatch,0.005535502079619658
378,51,Self_Ref,No_Ref,ismatch,0.0010830745341615822
379,52,Self_Ref,No_Ref,ismatch,0.0033654659225434646
380,53,Self_Ref,No_Ref,ismatch,0.01579901960784308
381,54,Self_Ref,No_Ref,ismatch,0.0016935204435204409
382,55,Self_Ref,No_Ref,ismatch,0.008214882943143775
383,56,Self_Ref,No_Ref,ismatch,0.010191358024691394
384,57,Self_Ref,No_Ref,ismatch,-0.006553497942386887
385,58,Self_Ref,No_Ref,ismatch,0.0028836754643206063
386,59,Self_Ref,No_Ref,ismatch,0.014004447933019342
387,60,Self_Ref,No_Ref,ismatch,0.001966873706004285
388,61,Self_Ref,No_Ref,ismatch,-0.0006377259208419361
389,62,Self_Ref,No_Ref,ismatch,0.003929277498202729
390,63,Self_Ref,No_Ref,ismatch,-0.004240207930367512
391,64,Self_Ref,No_Ref,ismatch,0.0024175824175824865
392,65,Self_Ref,No_Ref,ismatch,0.007528604118993173
393,66,Self_Ref,No_Ref,ismatch,-0.0021782178217821134
394,67,Self_Ref,No_Ref,ismatch,0.005287963050240363
395,68,Self_Ref,No_Ref,ismatch,-0.0017086161387632026
396,69,Self_Ref,No_Ref,ismatch,-0.002938988095238079
397,70,Self_Ref,No_Ref,ismatch,0.0063212723998971486
398,71,Self_Ref,No_Ref,ismatch,0.0017178810443962244
399,72,Self_Ref,No_Ref,ismatch,-0.004069971870604849
400,73,Self_Ref,No_Ref,ismatch,-0.0013805575158786637
401,74,Self_Ref,No_Ref,ismatch,-0.0016678168852081675
402,75,Self_Ref,No_Ref,ismatch,0.010666561447811418
403,76,Self_Ref,No_Ref,ismatch,0.005597190799396673
404,77,Self_Ref,No_Ref,ismatch,-0.0023380430603614387
405,78,Self_Ref,No_Ref,ismatch,-0.0013814016172506577
406,79,Self_Ref,No_Ref,ismatch,0.003691654879773648
407,80,Self_Ref,No_Ref,ismatch,0.006666507996953538
408,81,Self_Ref,No_Ref,ismatch,0.004444341715976357
409,82,Self_Ref,No_Ref,ismatch,-0.0010548607770830664
410,83,Self_Ref,No_Ref,ismatch,-0.00226261545393103
411,84,Self_Ref,No_Ref,ismatch,0.012645204115499391
412,85,Self_Ref,No_Ref,ismatch,-0.006240203761755511
413,86,Self_Ref,No_Ref,ismatch,0.014935748894038332
414,87,Self_Ref,No_Ref,ismatch,-0.008935046099658154
415,88,Self_Ref,No_Ref,ismatch,0.00046031694485943185
416,89,Self_Ref,No_Ref,ismatch,0.00409507223942217
417,90,Self_Ref,No_Ref,ismatch,-0.004628964261761043
418,91,Self_Ref,No_Ref,ismatch,0.005054137039431134
419,92,Self_Ref,No_Ref,ismatch,0.009982638888888928
420,93,Self_Ref,No_Ref,ismatch,0.0033214285714285195
421,94,Self_Ref,No_Ref,ismatch,0.012878133102852208
422,95,Self_Ref,No_Ref,ismatch,0.0068324945154213555
423,96,Self_Ref,No_Ref,ismatch,0.0027845528455284125
424,97,Self_Ref,No_Ref,ismatch,0.005970390864139452
425,98,Self_Ref,No_Ref,ismatch,0.00670165795638864
426,99,Self_Ref,No_Ref,ismatch,0.00026751241036953867
427,100,Self_Ref,No_Ref,ismatch,-0.0019096304130677394
428,101,Self_Ref,No_Ref,ismatch,-0.003001361161524435
429,102,Self_Ref,No_Ref,ismatch,-0.001009300359332127
430,103,Self_Ref,No_Ref,ismatch,-0.001199135568205778
431,104,Self_Ref,No_Ref,ismatch,0.0019906471183012476
432,105,Self_Ref,No_Ref,ismatch,0.0005375253549694925
433,106,Self_Ref,No_Ref,ismatch,0.011628511966701444
434,107,Self_Ref,No_Ref,ismatch,-0.00606787696577242
435,108,Self_Ref,No_Ref,ismatch,-0.005409356725146144
436,109,Self_Ref,No_Ref,ismatch,0.00888615888615898
437,110,Self_Ref,No_Ref,ismatch,0.006240203761755453
438,111,Self_Ref,No_Ref,ismatch,-0.003845250215365323
439,112,Self_Ref,No_Ref,ismatch,-0.0030738293593795068
440,113,Self_Ref,No_Ref,ismatch,-0.013383663366336649
441,114,Self_Ref,No_Ref,ismatch,0.0065115771079073455
442,115,Self_Ref,No_Ref,ismatch,0.008162670662670648
443,116,Self_Ref,No_Ref,ismatch,0.004067828020756101
444,117,Self_Ref,No_Ref,ismatch,-0.005008417508417384
445,118,Self_Ref,No_Ref,ismatch,-0.004727788551317944
446,119,Self_Ref,No_Ref,ismatch,0.0032371250707412813
447,120,Self_Ref,No_Ref,ismatch,0.004366552446221239
448,121,Self_Ref,No_Ref,ismatch,0.008656014116263105
449,122,Self_Ref,No_Ref,ismatch,0.0038910730804810278
450,123,Self_Ref,No_Ref,ismatch,0.0009063521241830213
451,124,Self_Ref,No_Ref,ismatch,0.004351720886374272
452,125,Self_Ref,No_Ref,ismatch,0.005302585193889603
453,126,Self_Ref,No_Ref,ismatch,-0.0039095079232694145
454,127,Self_Ref,No_Ref,ismatch,-3.8911909621303085e-05
455,128,Self_Ref,No_Ref,ismatch,0.005799535409342022
456,129,Self_Ref,No_Ref,ismatch,0.0068507175156885146
457,130,Self_Ref,No_Ref,ismatch,0.009340205399359458
458,131,Self_Ref,No_Ref,ismatch,0.004457854952577911
459,132,Self_Ref,No_Ref,ismatch,0.012206502107164324
460,133,Self_Ref,No_Ref,ismatch,0.002251242918256563
461,134,Self_Ref,No_Ref,ismatch,0.0013298932481502657
462,135,Self_Ref,No_Ref,ismatch,0.0010440081549134728
463,136,Self_Ref,No_Ref,ismatch,0.0008479808164451985
464,137,Self_Ref,No_Ref,ismatch,-0.0024076535415627764
465,138,Self_Ref,No_Ref,ismatch,0.0010144644630170063
466,139,Self_Ref,No_Ref,ismatch,0.00040168516731008407
467,140,Self_Ref,No_Ref,ismatch,0.005859194568871989
468,141,Self_Ref,No_Ref,ismatch,0.0034404634634040586
469,142,Self_Ref,No_Ref,ismatch,0.004580143828888039
470,143,Self_Ref,No_Ref,ismatch,0.005592791182603451
471,144,Self_Ref,No_Ref,ismatch,0.0011245777277307523
472,145,Self_Ref,No_Ref,ismatch,0.003138105162319255
473,146,Self_Ref,No_Ref,ismatch,0.002465322066326603
474,147,Self_Ref,No_Ref,ismatch,0.0015509324210572107
475,148,Self_Ref,No_Ref,ismatch,0.0001816849330460002
476,149,Self_Ref,No_Ref,ismatch,0.005047681840767465
477,150,Self_Ref,No_Ref,ismatch,0.0051033200165311095
478,151,Self_Ref,No_Ref,ismatch,-0.0004400622378569474
479,152,Self_Ref,No_Ref,ismatch,1.653439153432301e-05
480,153,Self_Ref,No_Ref,ismatch,0.004189320535795659
481,154,Self_Ref,No_Ref,ismatch,-0.0004796421000124451
482,155,Self_Ref,No_Ref,ismatch,0.008018799999999954
483,156,Self_Ref,No_Ref,ismatch,0.004340713340313385
484,157,Self_Ref,No_Ref,ismatch,0.007859767587939668
485,158,Self_Ref,No_Ref,ismatch,0.0006859119646904332
486,159,Self_Ref,No_Ref,ismatch,0.0034433188832236838
487,160,Self_Ref,No_Ref,ismatch,0.004128701594532986
488,161,Self_Ref,No_Ref,ismatch,-0.001258154096041486
489,162,Self_Ref,No_Ref,ismatch,0.005095419580256433
490,163,Self_Ref,No_Ref,ismatch,0.0018390064121772021
491,164,Self_Ref,No_Ref,ismatch,-0.002074544539402273
